--
-- Script was generated by Devart dbForge Studio for MySQL, Version 8.0.40.0
-- Product home page: http://www.devart.com/dbforge/mysql/studio
-- Script date 12/06/2020 14:09:00
-- Server version: 5.5.5-10.1.38-MariaDB
-- Client version: 4.1
--

-- 
-- Disable foreign keys
-- 
/*!40014 SET @OLD_FOREIGN_KEY_CHECKS=@@FOREIGN_KEY_CHECKS, FOREIGN_KEY_CHECKS=0 */;

-- 
-- Set SQL mode
-- 
/*!40101 SET @OLD_SQL_MODE=@@SQL_MODE, SQL_MODE='NO_AUTO_VALUE_ON_ZERO' */;

-- 
-- Set character set the client will use to send SQL statements to the server
--
SET NAMES 'utf8';

--
-- Set default database
--
CREATE DATABASE IF NOT EXISTS oficialmarvel;
--
USE oficialmarvel;

--
-- Drop table `actores_peliculas`
--
DROP TABLE IF EXISTS actores_peliculas;

--
-- Drop table `personajes`
--
DROP TABLE IF EXISTS personajes;

--
-- Drop table `actores`
--
DROP TABLE IF EXISTS actores;

--
-- Drop table `peliculas_directores`
--
DROP TABLE IF EXISTS peliculas_directores;

--
-- Drop table `directores`
--
DROP TABLE IF EXISTS directores;

--
-- Drop table `premios_pelicula`
--
DROP TABLE IF EXISTS premios_pelicula;

--
-- Drop table `premios`
--
DROP TABLE IF EXISTS premios;

--
-- Drop table `usu_comentario`
--
DROP TABLE IF EXISTS usu_comentario;

--
-- Drop table `espectadores_peliculas`
--
DROP TABLE IF EXISTS espectadores_peliculas;

--
-- Drop table `espectadores`
--
DROP TABLE IF EXISTS espectadores;

--
-- Drop table `fecha_estreno`
--
DROP TABLE IF EXISTS fecha_estreno;

--
-- Drop table `peliculas`
--
DROP TABLE IF EXISTS peliculas;

--
-- Set default database
--
USE oficialmarvel;

--
-- Create table `peliculas`
--
CREATE TABLE peliculas (
  cod_pelicula varchar(3) NOT NULL,
  nombre varchar(50) DEFAULT NULL,
  presupuesto float(12, 3) UNSIGNED NOT NULL,
  n_portagonistas int(3) UNSIGNED NOT NULL,
  sinopsis text NOT NULL,
  premios_ganados int(2) UNSIGNED DEFAULT NULL,
  calificacion int(1) UNSIGNED DEFAULT NULL,
  PRIMARY KEY (cod_pelicula)
)
ENGINE = INNODB,
AVG_ROW_LENGTH = 712,
CHARACTER SET utf8,
COLLATE utf8_spanish2_ci;

--
-- Create table `fecha_estreno`
--
CREATE TABLE fecha_estreno (
  id_estreno int(3) NOT NULL AUTO_INCREMENT,
  cod_pelicula varchar(3) NOT NULL,
  fecha date NOT NULL,
  PRIMARY KEY (id_estreno)
)
ENGINE = INNODB,
AUTO_INCREMENT = 24,
AVG_ROW_LENGTH = 712,
CHARACTER SET utf8,
COLLATE utf8_spanish2_ci;

--
-- Create index `cod_pelicula` on table `fecha_estreno`
--
ALTER TABLE fecha_estreno
ADD UNIQUE INDEX cod_pelicula (cod_pelicula);

--
-- Create foreign key
--
ALTER TABLE fecha_estreno
ADD CONSTRAINT fk_fecha_estreno FOREIGN KEY (cod_pelicula)
REFERENCES peliculas (cod_pelicula) ON DELETE CASCADE ON UPDATE CASCADE;

--
-- Create table `espectadores`
--
CREATE TABLE espectadores (
  id_usuario varchar(3) NOT NULL,
  contrasena_espe varchar(20) NOT NULL,
  usuario varchar(35) NOT NULL,
  pais varchar(50) NOT NULL,
  nombre_cine varchar(35) NOT NULL,
  PRIMARY KEY (id_usuario)
)
ENGINE = INNODB,
AVG_ROW_LENGTH = 16384,
CHARACTER SET utf8,
COLLATE utf8_spanish2_ci;

--
-- Create table `espectadores_peliculas`
--
CREATE TABLE espectadores_peliculas (
  id_espe_peli varchar(3) NOT NULL,
  cod_pelicula varchar(3) NOT NULL,
  id_usuario varchar(3) NOT NULL,
  calificacion_peli int(1) DEFAULT NULL,
  valoracion_actor int(1) DEFAULT NULL,
  PRIMARY KEY (id_espe_peli)
)
ENGINE = INNODB,
CHARACTER SET utf8,
COLLATE utf8_spanish2_ci;

--
-- Create index `cod_pelicula` on table `espectadores_peliculas`
--
ALTER TABLE espectadores_peliculas
ADD UNIQUE INDEX cod_pelicula (cod_pelicula);

--
-- Create index `id_usuario` on table `espectadores_peliculas`
--
ALTER TABLE espectadores_peliculas
ADD UNIQUE INDEX id_usuario (id_usuario);

--
-- Create foreign key
--
ALTER TABLE espectadores_peliculas
ADD CONSTRAINT fk_espectador_pelicula FOREIGN KEY (cod_pelicula)
REFERENCES peliculas (cod_pelicula) ON DELETE CASCADE ON UPDATE CASCADE;

--
-- Create foreign key
--
ALTER TABLE espectadores_peliculas
ADD CONSTRAINT fk_peliculas_espectador FOREIGN KEY (id_usuario)
REFERENCES espectadores (id_usuario) ON DELETE CASCADE ON UPDATE CASCADE;

--
-- Create table `usu_comentario`
--
CREATE TABLE usu_comentario (
  id_comentario int(11) NOT NULL AUTO_INCREMENT,
  id_usuario varchar(3) NOT NULL,
  cod_pelicula varchar(3) NOT NULL,
  comentario varchar(255) NOT NULL,
  PRIMARY KEY (id_comentario)
)
ENGINE = INNODB,
CHARACTER SET utf8,
COLLATE utf8_spanish2_ci;

--
-- Create foreign key
--
ALTER TABLE usu_comentario
ADD CONSTRAINT fk_espectador_pelicula_comen_1 FOREIGN KEY (id_usuario)
REFERENCES espectadores_peliculas (id_usuario) ON DELETE CASCADE ON UPDATE CASCADE;

--
-- Create foreign key
--
ALTER TABLE usu_comentario
ADD CONSTRAINT fk_espectador_pelicula_comen_2 FOREIGN KEY (cod_pelicula)
REFERENCES espectadores_peliculas (cod_pelicula) ON DELETE CASCADE ON UPDATE CASCADE;

--
-- Create table `premios`
--
CREATE TABLE premios (
  cod_premio varchar(3) NOT NULL,
  nombre varchar(35) NOT NULL,
  categoria varchar(35) DEFAULT NULL,
  PRIMARY KEY (cod_premio)
)
ENGINE = INNODB,
AVG_ROW_LENGTH = 3276,
CHARACTER SET utf8,
COLLATE utf8_spanish2_ci;

--
-- Create table `premios_pelicula`
--
CREATE TABLE premios_pelicula (
  id_premio varchar(3) NOT NULL,
  cod_premio varchar(3) NOT NULL,
  cod_pelicula varchar(3) NOT NULL,
  PRIMARY KEY (id_premio)
)
ENGINE = INNODB,
AVG_ROW_LENGTH = 2730,
CHARACTER SET utf8,
COLLATE utf8_spanish2_ci;

--
-- Create foreign key
--
ALTER TABLE premios_pelicula
ADD CONSTRAINT fk_peliculas_premios FOREIGN KEY (cod_premio)
REFERENCES premios (cod_premio) ON DELETE CASCADE ON UPDATE CASCADE;

--
-- Create foreign key
--
ALTER TABLE premios_pelicula
ADD CONSTRAINT fk_premios_peliculas FOREIGN KEY (cod_pelicula)
REFERENCES peliculas (cod_pelicula) ON DELETE CASCADE ON UPDATE CASCADE;

--
-- Create table `directores`
--
CREATE TABLE directores (
  dni_director varchar(9) NOT NULL,
  nombre varchar(35) NOT NULL,
  telefono varchar(13) DEFAULT NULL,
  edad int(2) UNSIGNED NOT NULL,
  nacionalidad varchar(35) NOT NULL,
  PRIMARY KEY (dni_director)
)
ENGINE = INNODB,
AVG_ROW_LENGTH = 1024,
CHARACTER SET utf8,
COLLATE utf8_spanish2_ci;

--
-- Create table `peliculas_directores`
--
CREATE TABLE peliculas_directores (
  id int(11) NOT NULL AUTO_INCREMENT,
  cod_pelicula varchar(3) CHARACTER SET utf8 COLLATE utf8_spanish2_ci NOT NULL,
  dni_director varchar(9) CHARACTER SET utf8 COLLATE utf8_spanish2_ci NOT NULL,
  PRIMARY KEY (id)
)
ENGINE = INNODB,
AUTO_INCREMENT = 29,
AVG_ROW_LENGTH = 585,
CHARACTER SET latin1,
COLLATE latin1_swedish_ci;

--
-- Create index `cod_pelicula` on table `peliculas_directores`
--
ALTER TABLE peliculas_directores
ADD UNIQUE INDEX cod_pelicula (cod_pelicula, dni_director);

--
-- Create foreign key
--
ALTER TABLE peliculas_directores
ADD CONSTRAINT fk_director_peliculas FOREIGN KEY (cod_pelicula)
REFERENCES peliculas (cod_pelicula) ON DELETE CASCADE ON UPDATE CASCADE;

--
-- Create foreign key
--
ALTER TABLE peliculas_directores
ADD CONSTRAINT fk_peliculas_director FOREIGN KEY (dni_director)
REFERENCES directores (dni_director) ON DELETE CASCADE ON UPDATE CASCADE;

--
-- Create table `actores`
--
CREATE TABLE actores (
  dni_actor varchar(9) NOT NULL,
  nombre varchar(35) NOT NULL,
  edad int(2) UNSIGNED NOT NULL,
  sexo enum ('masculino', 'femenino', '', '') DEFAULT NULL,
  nacionalidad varchar(35) DEFAULT NULL,
  valoracion_general int(1) UNSIGNED DEFAULT NULL,
  PRIMARY KEY (dni_actor)
)
ENGINE = INNODB,
AVG_ROW_LENGTH = 630,
CHARACTER SET utf8,
COLLATE utf8_spanish2_ci;

--
-- Create table `personajes`
--
CREATE TABLE personajes (
  id_personaje varchar(3) NOT NULL,
  dni_actor varchar(9) NOT NULL,
  nombre varchar(35) NOT NULL,
  tipo enum ('principal', 'secundario', '', '') DEFAULT NULL,
  PRIMARY KEY (id_personaje)
)
ENGINE = INNODB,
AVG_ROW_LENGTH = 780,
CHARACTER SET utf8,
COLLATE utf8_spanish2_ci;

--
-- Create index `dni_actor` on table `personajes`
--
ALTER TABLE personajes
ADD UNIQUE INDEX dni_actor (dni_actor);

--
-- Create foreign key
--
ALTER TABLE personajes
ADD CONSTRAINT fk_personajes_actor FOREIGN KEY (dni_actor)
REFERENCES actores (dni_actor) ON DELETE CASCADE ON UPDATE CASCADE;

--
-- Create table `actores_peliculas`
--
CREATE TABLE actores_peliculas (
  cod_act_peli varchar(3) NOT NULL,
  dni_actor varchar(9) NOT NULL,
  cod_pelicula varchar(3) NOT NULL,
  PRIMARY KEY (cod_act_peli)
)
ENGINE = INNODB,
AVG_ROW_LENGTH = 94,
CHARACTER SET utf8,
COLLATE utf8_spanish2_ci;

--
-- Create foreign key
--
ALTER TABLE actores_peliculas
ADD CONSTRAINT fak_actores_peliculas_2 FOREIGN KEY (cod_pelicula)
REFERENCES peliculas (cod_pelicula) ON DELETE CASCADE ON UPDATE CASCADE;

--
-- Create foreign key
--
ALTER TABLE actores_peliculas
ADD CONSTRAINT fk_actores_peliculas FOREIGN KEY (dni_actor)
REFERENCES actores (dni_actor) ON DELETE CASCADE ON UPDATE CASCADE;

-- 
-- Dumping data for table peliculas
--
INSERT INTO peliculas VALUES
('p10', 'Guardians of the Galaxy', 195900000.000, 12, 'El temerario aventurero Peter Quill es objeto de un implacable cazarrecompensas después de robar una misteriosa esfera codiciada por Ronan, un poderoso villano cuya ambición amenaza todo el universo. Para poder escapar del incansable Ronan, Quill se ve obligado a pactar una complicada tregua con un cuarteto de disparatados inadaptados: Rocket, un mapache armado con un rifle, Groot, un humanoide con forma de árbol, la letal y enigmática Gamora y el vengativo Drax the Destroyer. Pero cuando Quill descubre el verdadero poder de la esfera, deberá hacer todo lo posible para derrotar a sus extravagantes rivales en un intento desesperado de salvar el destino de la galaxia.', 0, NULL),
('p11', 'Avengers: Age of Ultron', 365500000.000, 17, 'Cuando Tony Stark intenta reactivar un programa caído en desuso cuyo objetivo es mantener la paz, las cosas empiezan a torcerse y los héroes más poderosos de la Tierra, incluyendo a Iron Man, Capitán América, Thor, El Increíble Hulk, Viuda Negra y Ojo de Halcón, tendrán que afrontar la prueba definitiva cuando el destino del planeta se ponga en juego. Cuando el villano Ultrón emerge, le corresponderá a Los Vengadores detener sus terribles planes, que junto a incómodas alianzas llevarán a una inesperada acción que allanará el camino para una épica y única aventura.', 0, NULL),
('p12', 'Ant-Man', 169300000.000, 11, 'Tras abandonar la cárcel, el ladrón y estafador Scott Lang (Paul Rudd) recibe la llamada del misterioso Dr. Hank Pym (Michael Douglas) para realizar un trabajo especial. El científico suministra al joven un traje especial, que le otorgar la capacidad de reducir su tamaño al de un insecto, al tiempo que aumenta considerablemente su fuerza. Con esta nueva arma en su poder, capaz de comunicarse con los insectos, Lang deberá abrazar su héroe interior, olvidar su pasado de delincuente y tratar de salvar al mundo de una terrible amenaza.', 0, NULL),
('p13', 'Captain America: Civil War', 250000000.000, 18, 'Después de que otro incidente internacional involucre a Los Vengadores, causando varios daños colaterales, aumentan las presiones políticas para instaurar un sistema que exija más responsabilidades y que determine cuándo deben contratar los servicios del grupo de superhéroes. Esta nueva situación dividirá a Los Vengadores, mientras intentan proteger al mundo de un nuevo y terrible villano. Tercera entrega de la saga Capitán América.', 0, NULL),
('p14', 'Doctor Strange', 236600000.000, 9, 'La vida del Dr. Stephen Strange cambia para siempre tras un accidente automovilístico que le deja muy malheridas sus manos. Cuando la medicina tradicional falla, se ve obligado a buscar esperanza y una cura en un lugar impensable: una comunidad aislada en Nepal llamada Kamar-Taj. Rápidamente descubre que éste no es sólo un centro de recuperación, sino también la primera línea de una batalla en contra de fuerzas oscuras y ocultas empeñadas en destruir nuestra realidad. En poco tiempo, Strange, armado con sus poderes mágicos recientemente adquiridos, se ve obligado a elegir entre volver a su antigua vida de riqueza y prestigio o dejarlo todo, para defender el mundo como el mago más poderoso del planeta. Adaptación del cómic creado por Stan Lee y Steve Ditko.', 0, NULL),
('p15', 'Guardians of the Galaxy Vol. 2', 200000000.000, 14, 'Continúan las aventuras del equipo en su travesía por los confines del cosmos. Los Guardianes deberán luchar para mantener unida a su nueva familia mientras intentan resolver el misterio de los verdaderos orígenes de Peter Quill. Viejos rivales se convertirán en nuevos aliados, y queridos personajes de los cómics clásicos acudirán en ayuda de nuestros héroes a medida que el universo cinematográfico de Marvel continúa expandiéndose.', 0, NULL),
('p16', 'Spider-Man: Homecoming', 175000000.000, 13, 'Peter Parker (Tom Holland) comienza a experimentar su recién descubierta identidad como el superhéroe Spider-Man. Después de la experiencia vivida con los Vengadores, Peter regresa a casa, donde vive con su tía (Marisa Tomei). Bajo la atenta mirada de su mentor Tony Stark (Robert Downey Jr.), Peter intenta mantener una vida normal como cualquier joven de su edad, pero interrumpe en su rutina diaria el nuevo villano Vulture (Michael Keaton) y, con él, lo más importante de la vida de Peter comenzará a verse amenazado. ', 0, NULL),
('p17', 'Thor: Ragnarok', 180000000.000, 9, 'Thor está preso al otro lado del universo sin su poderoso martillo y se enfrenta a una carrera contra el tiempo. Su objetivo es volver a Asgard y parar el Ragnarok porque significaría la destrucción de su planeta natal y el fin de la civilización Asgardiana a manos de una todopoderosa y nueva amenaza, la implacable Hela. Pero, primero deberá sobrevivir a una competición letal de gladiadores que lo enfrentará a su aliado y compañero en los Vengadores, ¡el Increíble Hulk!.', 0, NULL),
('p18', 'Black Panther', 200000000.000, 11, '“Black Panther" cuenta la historia de T''Challa quien, después de los acontecimientos de "Capitán América: Civil War", vuelve a casa, a la nación de Wakanda, aislada y muy avanzada tecnológicamente, para ser proclamado Rey. Pero la reaparición de un viejo enemigo pone a prueba el temple de T''Challa como Rey y Black Panther ya que se ve arrastrado a un conflicto que pone en peligro todo el destino de Wakanda y del mundo.', 6, NULL),
('p19', 'Avengers: Infinity War', 316000000.000, 28, '\r\nEl todopoderoso Thanos ha despertado con la promesa de arrasar con todo a su paso, portando el Guantelete del Infinito, que le confiere un poder incalculable. Los únicos capaces de pararle los pies son los Vengadores y el resto de superhéroes de la galaxia, que deberán estar dispuestos a sacrificarlo todo por un bien mayor. Capitán América e Ironman deberán limar sus diferencias, Black Panther apoyará con sus tropas desde Wakanda, Thor y los Guardianes de la Galaxia e incluso Spider-Man se unirán antes de que los planes de devastación y ruina pongan fin al universo. ¿Serán capaces de frenar el avance del titán del caos?', 0, NULL),
('p20', 'Ant-Man and the Wasp', 162000000.000, 10, 'Después de "Capitán América: Guerra Civil", Scott Lang lidia con las consecuencias de sus elecciones como superhéroe y padre. Mientras lucha por mantener un equilibrio entre su vida hogareña y sus responsabilidades como Ant-Man, se enfrenta a Hope van Dyne y al Dr. Hank Pym con una nueva misión urgente. Scott debe volver a ponerse el traje y aprender a luchar junto con La Avispa mientras el equipo trabaja en conjunto para descubrir secretos del pasado.', 0, NULL),
('p21', 'Captain Marvel', 152000000.000, 10, '\r\nLa historia sigue a Carol Danvers mientras se convierte en una de las heroínas más poderosas del universo, cuando la Tierra se encuentra atrapada en medio de una guerra galáctica entre dos razas alienígenas... Situada en los años 90, ''Capitana Marvel'' es una historia nueva de un período de tiempo nunca antes visto en la historia del Universo Cinematográfico de Marvel.', 0, NULL),
('p22', 'Avengers: Endgame', 356000000.000, 14, 'Después de los eventos devastadores de ''Avengers: Infinity War'', el universo está en ruinas debido a las acciones de Thanos, el Titán Loco. Con la ayuda de los aliados que quedaron, los Vengadores deberán reunirse una vez más para intentar deshacer sus acciones y restaurar el orden en el universo de una vez por todas, sin importar cuáles son las consecuencias... Cuarta y última entrega de la saga "Vengadores".', 0, NULL),
('p23', 'Spider-Man: Far From Home', 160000000.000, 11, 'Peter Parker decide irse junto a MJ, Ned y el resto de sus amigos a pasar unas vacaciones a Europa. Sin embargo, el plan de Parker por dejar de lado sus superpoderes durante unas semanas se ven truncados cuando Nick Fury contacta con él para solicitarle ayuda para frenar el ataque de unas criaturas elementales que están causando el caos en el continente. En ese momento, Parker vuelve a ponerse el traje de Spider-Man para cumplir con su labor. ', 0, NULL),
('pp1', 'Iron Man', 140000000.000, 6, 'El multimillonario fabricante de armas Tony Stark (Robert Downey Jr.) debe enfrentarse a su turbio pasado después de sufrir un accidente con una de sus armas. Equipado con una armadura de última generación tecnológica, se convierte en "El hombre de hierro", un héroe que se dedica a combatir el mal en todo el mundo. ', 0, NULL),
('pp2', 'The Incredible Hulk', 150000000.000, 6, 'El científico Bruce Banner (Edward Norton) recorre el mundo en busca de un antídoto que le permita librarse de su Alter Ego. Perseguido por el ejército y dominado por su propia rabia, es incapaz de sacarse de la cabeza a Betty Ross (Liv Tyler), por lo que decide volver a la civilización. Mientras se enfrenta a una extraña criatura, el agente de la KGB Emil Blonsky (Tim Roth) se expone a una dosis de radiación más intensa que la que convirtió a Bruce en Hulk. Emil hace responsable a Hulk de su terrible situación, y la ciudad de Nueva York se convierte en el escenario de la última batalla entre las dos criaturas más poderosas que jamás pisaron la Tierra.', 0, NULL),
('pp3', 'Iron Man 2', 200000000.000, 8, 'El mundo ya sabe que el multimillonario Tony Stark (Robert Downey Jr.) es Iron Man, el superhéroe enmascarado. A pesar de las presiones del gobierno, la prensa y la opinión pública para que comparta su tecnología con el ejército, Tony es reacio a desvelar los secretos de la armadura de Iron Man, porque teme que esa información caiga en en manos de irresponsables. Con Pepper Potts (Gwyneth Paltrow) y James “Rhodey” Rhodes (Don Cheadle) a su lado, Tony forja alianzas nuevas y se enfrenta a nuevas y poderosas fuerzas.', 0, NULL),
('pp4', 'Thor', 150000000.000, 9, 'Thor es un arrogante y codicioso guerrero cuya imprudencia desata una antigua guerra. Por ese motivo, su padre Odín lo castiga desterrándolo a la Tierra para que viva entre los hombres y descubra así el verdadero sentido de la humildad. Cuando el villano más peligroso de su mundo envía a la Tierra a las fuerzas más oscuras de Asgard, Thor se dará cuenta de lo que realmente hace falta para ser un verdadero héroe.', 0, NULL),
('pp5', 'Captain America: The First Avenger', 140000000.000, 8, 'Nacido durante la Gran Depresión (años 30), Steve Rogers creció como un chico enclenque en una familia pobre. Horrorizado por las noticias que llegaban de Europa sobre los nazis, decidió enrolarse en el ejército; sin embargo, debido a su precaria salud, fue rechazado una y otra vez. Enternecido por sus súplicas, el General Chester Phillips le ofreció la oportunidad de participar en un experimento especial: la "Operación Renacimiento". Tras administrarle el “Suero Super-Soldado” y bombardearlo con “vitarrayos”, el cuerpo de Steve se hace perfecto. A continuación, se sometió a un intensivo programa de entrenamiento físico y táctico. Tres meses después, le encomendaron su primera misión como Capitán América. Armado con un escudo indestructible, emprenderá la guerra contra el Mal como centinela de la libertad y líder de los Vengadores.', 0, NULL),
('pp6', 'The Avengers', 220000000.000, 11, 'Cuando un enemigo inesperado surge como una gran amenaza para la seguridad mundial, Nick Fury, director de la Agencia SHIELD, decide reclutar a un equipo para salvar al mundo de un desastre casi seguro. Adaptación del cómic de Marvel "Los Vengadores", el legendario grupo de superhéroes formado por Ironman, Hulk, Thor y el Capitán América entre otros.', 0, NULL),
('pp7', 'Iron Man 3', 200000000.000, 11, 'El descarado y brillante empresario Tony Stark/Iron Man se enfrentará a un enemigo cuyo poder no conoce límites. Cuando Stark comprende que su enemigo ha destruido su universo personal, se embarca en una angustiosa búsqueda para encontrar a los responsables. Este viaje pondrá a prueba su entereza una y otra vez. Acorralado, Stark tendrá que sobrevivir por sus propios medios, confiando en su ingenio y su instinto para proteger a las personas que quiere.', 0, NULL),
('pp8', 'Thor: The Dark World', 152700000.000, 14, 'Thor lucha por restablecer el orden en el cosmos, pero una antigua raza liderada por el vengativo Malekith regresa con el propósito de volver a sumir el universo en la oscuridad. Se trata de un villano con el que ni siquiera Odín y Asgard se atreven a enfrentarse; por esa razón, Thor tendrá que emprender un viaje muy peligroso, durante el cual se reunirá con Jane Foster y la obligará a sacrificarlo todo para salvar el mundo.', 0, NULL),
('pp9', 'Captain America: The Winter Soldier', 177000000.000, 10, 'Tras los devastadores acontecimientos acaecidos en Nueva York con Los Vengadores, Steve Rogers, alias el Capitán América, vive tranquilamente en Washington D.C. intentando adaptarse al mundo moderno. Pero cuando atacan a un colega de S.H.I.E.L.D., Steve se ve envuelto en una trama de intrigas que representa una amenaza para el mundo. Se unirá entonces a la Viuda Negra para desenmascarar a los conspiradores. Cuando por fin descubren la magnitud de la trama, se unirá a ellos el Halcón. Los tres tendrán que enfrentarse a un enemigo inesperado y extraordinario: el Soldado de Invierno.', 0, NULL);

-- 
-- Dumping data for table espectadores
--
INSERT INTO espectadores VALUES
('001', 'pass1', 'test1', 'España', 'cinema');

-- 
-- Dumping data for table espectadores_peliculas
--
-- Table oficialmarvel.espectadores_peliculas does not contain any data (it is empty)

-- 
-- Dumping data for table premios
--
INSERT INTO premios VALUES
('p01', 'Premios Óscar', 'Mejor Banda Sonora'),
('p02', 'Premios Óscar', 'Mejor Producción'),
('p03', 'Premios Óscar', 'Mejor Vestuario'),
('p04', 'Premios del Sindicato de Actores', 'Mejor Reparto'),
('p05', 'Premios del Sindicato de Actores', 'Mejores Especialistas'),
('p06', 'Premios BAFTA', 'Mejores efectos visuales');

-- 
-- Dumping data for table directores
--
INSERT INTO directores VALUES
('04359757S', 'Joss Whedon', '750-95-1538', 55, 'Estadounidense'),
('12149296Y', 'Joe Johnston', '965176595', 69, 'Estadounidense'),
('13216799X', 'Shane Black', '109509672', 58, 'Estadounidense'),
('23328746F', 'Ryan Fleck', '769896029', 44, 'Estadounidense'),
('31517994J', 'Peyton Reed', '644595552', 55, 'Estadounidense'),
('40801391N', 'Jon Watts', '249966348', 38, 'Estadounidense'),
('44434107Q', 'Kenneth Branagh', '557966786', 59, 'Británica'),
('50276297E', 'Alan Taylor', '980777345', 54, 'Estadounidense'),
('60034611B', 'Ryan Coogler', '246742362', 34, 'Estadounidense'),
('66172589W', 'Scott Derrickson', '115183828', 54, 'Estadounidense'),
('72417189X', 'Taika Waititi', '851311866', 44, 'Neozelandesa'),
('79628241X', 'James Gunn', '646164823', 53, 'Estadounidense'),
('79819408R', 'Jon Favreau\t', '574836217', 53, 'Estadounidense'),
('83660471H', 'Louis Leterrier', '544900639', 46, 'Francesa'),
('92537452B', 'Anna Boden', '727510068', 41, 'Estadounidense'),
('93334677X', 'Joe Russo', '245168792', 48, 'Estadounidense'),
('95747018L', 'Anthony  Russo', '987654321', 50, 'Estadounidense');

-- 
-- Dumping data for table actores
--
INSERT INTO actores VALUES
('02668852R', 'Samuel L. Jackson', 71, 'masculino', 'Estadounidense', NULL),
('02991392N', 'Danai Gurira', 42, 'femenino', 'Estadounidense', NULL),
('03028917R', 'Mickey Rourke', 67, 'masculino', 'Estadounidense', NULL),
('03633883K', 'Paul Bettany', 48, 'masculino', 'Británica', NULL),
('04810769C', 'Terrence Howard', 51, 'masculino', 'Estadounidense', NULL),
('05529491S', 'Sam Rockwell', 51, 'masculino', 'Estadounidense', NULL),
('07033781J', 'Hannah John-Kamen', 30, 'femenino', 'Británica', NULL),
('07409054H', 'Scarlett Johansson ', 35, 'femenino', 'Estadounidense', NULL),
('10218323K', 'Tom Hiddleston', 39, 'masculino', 'Británica', NULL),
('11118461P', 'Jacob Batalon', 23, 'masculino', 'Estadounidense', NULL),
('12652736E', 'Daniel Brühl', 41, 'masculino', 'Española', NULL),
('14093290V', 'Benedict Wong ', 48, 'masculino', 'Británica', NULL),
('16339920F', 'Adewale Akinnuoye-Agbaje', 52, 'masculino', 'Británica', NULL),
('18367590C', 'Karen Gillan', 32, 'femenino', 'Escosesa', NULL),
('20319111Z', 'Robert Redford', 83, 'masculino', 'Estadounidense', NULL),
('21133388E', 'Anthony Hopkins', 82, 'masculino', 'Británica', NULL),
('22312073A', 'Lee Pace', 41, 'masculino', 'Estadounidense', NULL),
('23402262S', 'Pom Klementieff', 32, 'femenino', 'Canadiense', NULL),
('24147120H', 'Corey Stoll ', 44, 'masculino', 'Estadounidense', NULL),
('25066409C', 'Neal McDonough', 54, 'masculino', 'Estadounidense', NULL),
('25229842S', 'Michael Douglas', 75, 'masculino', 'Estadounidense', NULL),
('26578212X', 'Michael Peña', 44, 'masculino', 'Estadounidense', NULL),
('27784883D', 'Rebecca Hall', 34, 'femenino', 'Británica', NULL),
('27885799R', 'Jeff Goldblum', 67, 'masculino', 'Estadounidense', NULL),
('29477053T', 'Idris Elba', 47, 'masculino', 'Británica', NULL),
('30492894T', 'Tadanobu Asano', 46, 'masculino', 'Japonesa', NULL),
('32423123T', 'Ray Stevenson', 55, 'masculino', 'Británica', NULL),
('36963724X', 'Jeff Bridges', 69, 'masculino', 'Estadounidense', NULL),
('39206430D', 'Ben Mendelsohn ', 51, 'masculino', 'Australiana', NULL),
('40076610F', 'Bradley Cooper', 45, 'masculino', 'Estadounidense', NULL),
('41342485P', 'Jude Law', 43, 'masculino', 'Británica', NULL),
('42076546R', 'Chadwick Boseman', 42, 'masculino', 'Estadounidense', NULL),
('42131045J', 'Anthony Mackie ', 41, 'masculino', 'Estadounidense', NULL),
('43504636K', 'Emily VanCamp', 33, 'femenino', 'canadiense', NULL),
('43647478X', 'Benedict Cumberbatch', 43, 'masculino', 'Británica', NULL),
('43974826E', 'Evangeline Lilly', 40, 'femenino', 'Canadiense', NULL),
('44063582K', 'Aaron Taylor-Johnson', 29, 'masculino', 'Británica', NULL),
('44435843G', 'Donald Glover', 36, 'masculino', 'Estadounidense', NULL),
('45050051C', 'Ben Kingsley', 76, 'masculino', 'Británica', NULL),
('46250042D', 'Jake Gyllenhaal', 39, 'masculino', 'Estadounidense', NULL),
('46745784D', 'Shaun Toub', 57, 'masculino', 'Iraní', NULL),
('47297657C', 'Michael Keaton', 69, 'masculino', 'Estadounidense', NULL),
('49271208X', 'Letitia Wright', 26, 'femenino', 'Guyanesa', NULL),
('51133331F', 'Ty Burrell ', 52, 'masculino', 'Estadounidense', NULL),
('51407370R', 'Guy Pearce', 52, 'masculino', 'Australiano', NULL),
('52383549Z', 'Gwyneth Paltrow', 47, 'femenino', 'Estadounidense', NULL),
('55202637S', 'James Spader', 60, 'masculino', 'Estadounidense', NULL),
('57070705T', 'Tom Holland ', 23, 'masculino', 'Británica', NULL),
('57625967L', 'Lupita Nyong''o', 37, 'femenino', 'Mexicana', NULL),
('58084878B', 'Frank Grillo ', 54, 'masculino', 'Estadounidense', NULL),
('58611550Y', 'Hugo Weaving', 60, 'masculino', 'Australiano', NULL),
('58717967W', 'Dave Bautista', 51, 'masculino', 'Estadounidense', NULL),
('58994160B', 'Natalie Portman', 38, 'femenino', 'Israelí', NULL),
('60628924G', 'Kat Dennings ', 33, 'femenino', 'Estadounidense', NULL),
('61350715D', 'Tessa Thompson', 36, 'femenino', 'Estadounidense', NULL),
('64244302N', 'Jeremy Renner', 49, 'masculino', 'Estadounidense', NULL),
('66307889Q', 'Tim Roth ', 58, 'masculino', 'Británica', NULL),
('67176202X', 'Zoe Saldaña', 41, 'femenino', 'Estadounidense', NULL),
('67616052P', 'Elizabeth Olsen', 31, 'femenino', 'Estadounidense', NULL),
('67977252Q', 'Robert Downey Jr.', 55, 'masculino', 'Estadounidense', NULL),
('68163836R', 'Rachel McAdams', 41, 'femenino', 'Canadiense', NULL),
('68730261M', 'Dominic Cooper', 41, 'masculino', 'Británica', NULL),
('72099294K', 'Mark Ruffalo', 52, 'masculino', 'Estadounidense', NULL),
('72336697H', 'Laurence Fishburne', 58, 'masculino', 'Estadounidense', NULL),
('72642914J', 'Tim Blake Nelson ', 55, 'masculino', 'Estadounidense', NULL),
('74397044W', 'Clark Gregg', 58, 'masculino', 'Estadounidense', NULL),
('79024200H', 'Hayley Atwell', 38, 'femenino', 'Británica', NULL),
('79280116J', 'Zendaya', 23, 'femenino', 'Estadounidense', NULL),
('79282853J', 'Vin Diesel ', 52, 'masculino', 'Estadounidense', NULL),
('80643094B', 'Paul Rudd', 51, 'masculino', 'Estadounidense', NULL),
('83512926H', 'James Badge', 41, 'masculino', 'Estadounidense', NULL),
('84510110Z', 'Elizabeth Debicki ', 29, 'femenino', 'Francesa', NULL),
('86679960K', 'Chris Pratt', 40, 'masculino', 'Estadounidense', NULL),
('87107992T', 'Cobie Smulders', 38, 'femenino', 'Canadiense', NULL),
('88319449R', 'Brie Larson', 30, 'femenino', 'Estadounidense', NULL),
('88361848B', 'Jaimie Alexander ', 36, 'femenino', 'Estadounidense', NULL),
('90475081G', 'Cate Blanchett', 50, 'femenino', 'Australiana', NULL),
('91032783W', 'William Hurt ', 70, 'masculino', 'Estadounidense', NULL),
('92650229L', 'Kurt Russell', 69, 'masculino', 'Estadounidense', NULL),
('93126039M', 'Chris Hemsworth', 36, 'masculino', 'Australiana', NULL),
('93821377F', 'Sebastian Stan', 37, 'masculino', 'Rumana', NULL),
('94444757H', 'Liv Tyler', 42, 'femenino', 'Estadounidense', NULL),
('95423565S', 'Don Cheadle', 52, 'masculino', 'Estadounidense', NULL),
('97284732E', 'Chris Evans', 38, 'masculino', 'Estadounidense', NULL),
('98171685A', 'Christopher Eccleston', 56, 'masculino', 'Británica', NULL),
('98545381H', 'Michael B. Jordan', 33, 'masculino', 'Estadounidense', NULL),
('98910061X', 'Michael Rooker ', 65, 'masculino', 'Estadounidense', NULL),
('98959878D', 'Mads Mikkelsen', 54, 'masculino', 'Danesa', NULL),
('99092662Z', 'Stellan Skarsgård ', 68, 'masculino', 'Sueca', NULL);

-- 
-- Dumping data for table usu_comentario
--
-- Table oficialmarvel.usu_comentario does not contain any data (it is empty)

-- 
-- Dumping data for table premios_pelicula
--
INSERT INTO premios_pelicula VALUES
('z01', 'p01', 'p18'),
('z02', 'p02', 'p18'),
('z03', 'p03', 'p18'),
('z04', 'p04', 'p17'),
('z05', 'p05', 'p18'),
('z06', 'p06', 'p18');

-- 
-- Dumping data for table personajes
--
INSERT INTO personajes VALUES
('c10', '72642914J', 'Samuel Sterns', 'secundario'),
('c11', '51133331F', 'Leonard Samson', 'secundario'),
('c12', '91032783W', 'General Thaddeus «Thunderbolt» Ross', 'secundario'),
('c13', '93126039M', 'Thor', 'principal'),
('c14', '10218323K', 'Loki', 'principal'),
('c15', '58994160B', 'Jane Foster', 'secundario'),
('c16', '99092662Z', 'Erik Selvig', 'secundario'),
('c17', '29477053T', 'Heimdall', 'secundario'),
('c18', '88361848B', 'Sif', 'secundario'),
('c19', '32423123T', 'Volstagg', 'secundario'),
('c20', '60628924G', 'Darcy Lewis', 'secundario'),
('c21', '30492894T', 'Hogun', 'secundario'),
('c22', '95423565S', 'War Machine', 'secundario'),
('c23', '07409054H', 'Black Widow', 'principal'),
('c24', '05529491S', 'Justin Hammer', 'secundario'),
('c25', '03028917R', 'Whiplash', 'principal'),
('c26', '02668852R', 'Nick Fury', 'secundario'),
('c27', '97284732E', 'Capitán América', 'principal'),
('c28', '58611550Y', 'Red Skull', 'principal'),
('c29', '79024200H', 'Peggy Carter', 'secundario'),
('c30', '93821377F', 'Bucky', 'principal'),
('c31', '68730261M', 'Howard Stark', 'secundario'),
('c32', '25066409C', 'Timothy «Dum Dum» Dugan', 'secundario'),
('c33', '64244302N', 'Hawk Eye', 'principal'),
('c34', '87107992T', 'Maria Hill', 'secundario'),
('c35', '74397044W', 'Phil Coulson', 'secundario'),
('c36', '45050051C', 'The Mandarin', 'secundario'),
('c37', '51407370R', 'Aldrich Killian', 'principal'),
('c38', '83512926H', 'Eric Savin', 'secundario'),
('c39', '27784883D', 'Maya Hansen', 'secundario'),
('c40', '21133388E', 'Odín', 'secundario'),
('c41', '98171685A', 'Malekith', 'principal'),
('c42', '16339920F', 'Kurse', 'secundario'),
('c43', '42131045J', 'Falcon', 'secundario'),
('c44', '58084878B', 'Brock Rumlow', 'principal'),
('c45', '43504636K', 'Sharon Carter', 'secundario'),
('c46', '20319111Z', 'Alexander Pierce', 'secundario'),
('c47', '86679960K', 'Star Lord', 'principal'),
('c48', '67176202X', 'Gamora', 'principal'),
('c49', '58717967W', 'Drax', 'principal'),
('c50', '79282853J', 'Groot', 'principal'),
('c51', '40076610F', 'Rocket Racoon', 'principal'),
('c52', '98910061X', 'Yondu Udonta', 'principal'),
('c53', '22312073A', 'Ronan el Acusador', 'principal'),
('c54', '18367590C', 'Nebula', 'secundario'),
('c55', '44063582K', 'Quicksilver', 'secundario'),
('c56', '67616052P', 'Scarlet Witch', 'principal'),
('c57', '55202637S', 'Utrón', 'principal'),
('c58', '80643094B', 'Ant Man', 'principal'),
('c59', '43974826E', 'Hope Pym', 'secundario'),
('c60', '25229842S', 'Hank Pym', 'secundario'),
('c61', '24147120H', 'Yellowjacket', 'principal'),
('c62', '26578212X', 'Luis', 'secundario'),
('c63', '42076546R', 'Black Panther', 'secundario'),
('c64', '57070705T', 'Spider-Man', 'principal'),
('c65', '12652736E', 'Helmut Zemo', 'secundario'),
('c66', '43647478X', 'Dr. Strange', 'principal'),
('c67', '98959878D', 'Kaecilius', 'secundario'),
('c68', '14093290V', 'Wong', 'secundario'),
('c69', '68163836R', 'Christine Palmer', 'secundario'),
('c70', '23402262S', 'Mantis', 'secundario'),
('c71', '84510110Z', 'Ayesha', 'secundario'),
('c72', '92650229L', 'Ego', 'principal'),
('c73', '47297657C', 'Vulture', 'principal'),
('c74', '79280116J', 'Michelle Jones', 'secundario'),
('c75', '44435843G', 'Aaron Davis', 'secundario'),
('c76', '90475081G', 'Hela', 'principal'),
('c77', '27885799R', 'Grandmaster', 'secundario'),
('c78', '61350715D', 'Valquiria', 'secundario'),
('c79', '98545381H', 'Erik "Killmonger" Stevens', 'principal'),
('c80', '57625967L', 'Nakia', 'secundario'),
('c81', '02991392N', 'Okoye', 'secundario'),
('c82', '49271208X', 'Shuri', 'secundario'),
('c83', '07033781J', 'Ghost', 'principal'),
('c84', '72336697H', 'Dr. William "Bill" Foster', 'secundario'),
('c85', '88319449R', 'Captain Marvel', 'principal'),
('c86', '39206430D', 'Talos', 'secundario'),
('c87', '41342485P', 'Yon-Rogg', 'secundario'),
('c88', '11118461P', 'Ned', 'secundario'),
('c89', '46250042D', 'Mysterio', 'principal'),
('cc1', '67977252Q', 'Tony Stark', 'principal'),
('cc2', '04810769C', 'James «Rhodey» Rhodes', 'secundario'),
('cc3', '36963724X', 'Iron Monger', 'principal'),
('cc4', '46745784D', 'Yinsen', 'secundario'),
('cc5', '52383549Z', 'Virginia "Pepper" Potts', 'secundario'),
('cc6', '03633883K', 'Edwin Jarvis', 'secundario'),
('cc7', '72099294K', 'Bruce Banner', 'principal'),
('cc8', '94444757H', 'Betty Ross', 'secundario'),
('cc9', '66307889Q', 'Emil Blonsky', 'principal');

-- 
-- Dumping data for table peliculas_directores
--
INSERT INTO peliculas_directores VALUES
(11, 'p10', '79628241X'),
(12, 'p11', '04359757S'),
(13, 'p12', '31517994J'),
(14, 'p13', '93334677X'),
(15, 'p13', '95747018L'),
(16, 'p14', '66172589W'),
(17, 'p15', '79628241X'),
(18, 'p16', '40801391N'),
(19, 'p17', '72417189X'),
(20, 'p18', '60034611B'),
(22, 'p19', '93334677X'),
(21, 'p19', '95747018L'),
(23, 'p20', '31517994J'),
(25, 'p21', '23328746F'),
(24, 'p21', '92537452B'),
(27, 'p22', '93334677X'),
(26, 'p22', '95747018L'),
(28, 'p23', '40801391N'),
(1, 'pp1', '79819408R'),
(2, 'pp2', '83660471H'),
(3, 'pp3', '79819408R'),
(4, 'pp4', '44434107Q'),
(5, 'pp5', '12149296Y'),
(6, 'pp6', '04359757S'),
(7, 'pp7', '13216799X'),
(8, 'pp8', '50276297E'),
(10, 'pp9', '93334677X'),
(9, 'pp9', '95747018L');

-- 
-- Dumping data for table fecha_estreno
--
INSERT INTO fecha_estreno VALUES
(1, 'pp1', '2008-05-02'),
(2, 'pp2', '2008-06-13'),
(3, 'pp3', '2010-05-07'),
(4, 'pp4', '2011-05-06'),
(5, 'pp5', '2011-07-22'),
(6, 'pp6', '2012-05-04'),
(7, 'pp7', '2013-05-03'),
(8, 'pp8', '2013-11-08'),
(9, 'pp9', '2014-04-04'),
(10, 'p10', '2014-08-01'),
(11, 'p11', '2015-05-01'),
(12, 'p12', '2015-07-17'),
(13, 'p13', '2016-05-06'),
(14, 'p14', '2016-11-04'),
(15, 'p15', '2017-05-05'),
(16, 'p16', '2017-07-07'),
(17, 'p17', '2017-11-03'),
(18, 'p18', '2018-02-16'),
(19, 'p19', '2018-04-27'),
(20, 'p20', '2018-07-06'),
(21, 'p21', '2019-03-08'),
(22, 'p22', '2019-04-26'),
(23, 'p23', '2019-07-05');

-- 
-- Dumping data for table actores_peliculas
--
INSERT INTO actores_peliculas VALUES
('a01', '67977252Q', 'pp1'),
('a02', '04810769C', 'pp1'),
('a03', '36963724X', 'pp1'),
('a04', '46745784D', 'pp1'),
('a05', '52383549Z', 'pp1'),
('a06', '03633883K', 'pp1'),
('a07', '72099294K', 'pp2'),
('a08', '94444757H', 'pp2'),
('a09', '66307889Q', 'pp2'),
('a10', '72642914J', 'pp2'),
('a11', '51133331F', 'pp2'),
('a12', '91032783W', 'pp2'),
('a13', '95423565S', 'pp3'),
('a14', '07409054H', 'pp3'),
('a15', '05529491S', 'pp3'),
('a16', '03028917R', 'pp3'),
('a17', '02668852R', 'pp3'),
('a18', '93126039M', 'pp4'),
('a19', '10218323K', 'pp4'),
('a20', '99092662Z', 'pp4'),
('a21', '29477053T', 'pp4'),
('a22', '88361848B', 'pp4'),
('a23', '32423123T', 'pp4'),
('a24', '60628924G', 'pp4'),
('a25', '30492894T', 'pp4'),
('a26', '97284732E', 'pp5'),
('a27', '58611550Y', 'pp5'),
('a28', '79024200H', 'pp5'),
('a29', '93821377F', 'pp5'),
('a30', '68730261M', 'pp5'),
('a31', '25066409C', 'pp5'),
('a32', '64244302N', 'pp6'),
('a33', '87107992T', 'pp6'),
('a34', '74397044W', 'pp6'),
('a35', '45050051C', 'pp7'),
('a36', '51407370R', 'pp7'),
('a37', '83512926H', 'pp7'),
('a38', '27784883D', 'pp7'),
('a39', '21133388E', 'pp8'),
('a40', '98171685A', 'pp8'),
('a41', '16339920F', 'pp8'),
('a42', '42131045J', 'pp9'),
('a43', '58084878B', 'pp9'),
('a44', '43504636K', 'pp9'),
('a45', '20319111Z', 'pp9'),
('a46', '86679960K', 'p10'),
('a47', '67176202X', 'p10'),
('a48', '58717967W', 'p10'),
('a49', '79282853J', 'p10'),
('a50', '40076610F', 'p10'),
('a51', '98910061X', 'p10'),
('a52', '22312073A', 'p10'),
('a53', '18367590C', 'p10'),
('a54', '44063582K', 'p11'),
('a55', '67616052P', 'p11'),
('a56', '55202637S', 'p11'),
('a57', '80643094B', 'p12'),
('a58', '43974826E', 'p12'),
('a59', '25229842S', 'p12'),
('a60', '24147120H', 'p12'),
('a61', '26578212X', 'p12'),
('a62', '42076546R', 'p13'),
('a63', '57070705T', 'p13'),
('a64', '12652736E', 'p13'),
('a65', '43647478X', 'p14'),
('a66', '98959878D', 'p14'),
('a67', '14093290V', 'p14'),
('a68', '68163836R', 'p14'),
('a69', '23402262S', 'p15'),
('a70', '84510110Z', 'p15'),
('a71', '92650229L', 'p15'),
('a72', '47297657C', 'p16'),
('a73', '79280116J', 'p16'),
('a74', '44435843G', 'p16'),
('a75', '90475081G', 'p17'),
('a76', '27885799R', 'p17'),
('a79', '61350715D', 'p17'),
('a80', '98545381H', 'p18'),
('a81', '57625967L', 'p18'),
('a82', '02991392N', 'p18'),
('a83', '49271208X', 'p18'),
('a84', '07033781J', 'p20'),
('a85', '72336697H', 'p20'),
('a86', '88319449R', 'p21'),
('a87', '67977252Q', 'pp3'),
('a88', '97284732E', 'pp6'),
('a89', '67977252Q', 'pp6'),
('a90', '93126039M', 'pp6'),
('a91', '10218323K', 'pp6'),
('a92', '72099294K', 'pp6'),
('a93', '07409054H', 'pp6'),
('a94', '02668852R', 'pp6'),
('a95', '67977252Q', 'pp7'),
('a96', '95423565S', 'pp7'),
('a97', '52383549Z', 'pp7'),
('a98', '93126039M', 'pp8'),
('a99', '10218323K', 'pp8'),
('b01', '58994160B', 'pp8'),
('b02', '99092662Z', 'pp8'),
('b03', '29477053T', 'pp8'),
('b04', '97284732E', 'pp9'),
('b05', '93821377F', 'pp9'),
('b06', '97284732E', 'p11'),
('b07', '67977252Q', 'p11'),
('b08', '93126039M', 'p11'),
('b09', '72099294K', 'p11'),
('b10', '07409054H', 'p11'),
('b11', '02668852R', 'p11'),
('b12', '64244302N', 'p11'),
('b13', '97284732E', 'p13'),
('b14', '67977252Q', 'p13'),
('b15', '93126039M', 'p13'),
('b16', '72099294K', 'p13'),
('b17', '07409054H', 'p13'),
('b18', '02668852R', 'p13'),
('b19', '64244302N', 'p13'),
('b20', '67616052P', 'p13'),
('b21', '80643094B', 'p13'),
('b22', '86679960K', 'p15'),
('b23', '67176202X', 'p15'),
('b24', '58717967W', 'p15'),
('b25', '79282853J', 'p15'),
('b26', '40076610F', 'p15'),
('b27', '57070705T', 'p16'),
('b28', '67977252Q', 'p16'),
('b29', '93126039M', 'p17'),
('b30', '10218323K', 'p17'),
('b31', '72099294K', 'p17'),
('b32', '42076546R', 'p18'),
('b33', '80643094B', 'p20'),
('b34', '43974826E', 'p20'),
('b35', '25229842S', 'p20'),
('b36', '26578212X', 'p20'),
('b37', '02668852R', 'p21'),
('b38', '39206430D', 'p21'),
('b39', '41342485P', 'p21'),
('b40', '97284732E', 'p19'),
('b41', '67977252Q', 'p19'),
('b42', '93126039M', 'p19'),
('b43', '72099294K', 'p19'),
('b44', '07409054H', 'p19'),
('b45', '02668852R', 'p19'),
('b46', '67616052P', 'p19'),
('b47', '42076546R', 'p19'),
('b48', '57070705T', 'p19'),
('b49', '03633883K', 'p19'),
('b50', '86679960K', 'p19'),
('b51', '67176202X', 'p19'),
('b52', '58717967W', 'p19'),
('b53', '79282853J', 'p19'),
('b54', '40076610F', 'p19'),
('b55', '23402262S', 'p19'),
('b56', '10218323K', 'p19'),
('b57', '97284732E', 'p22'),
('b58', '67977252Q', 'p22'),
('b59', '93126039M', 'p22'),
('b60', '72099294K', 'p22'),
('b61', '07409054H', 'p22'),
('b62', '02668852R', 'p22'),
('b63', '67616052P', 'p22'),
('b64', '42076546R', 'p22'),
('b65', '57070705T', 'p22'),
('b66', '03633883K', 'p22'),
('b67', '86679960K', 'p22'),
('b68', '67176202X', 'p22'),
('b69', '58717967W', 'p22'),
('b70', '79282853J', 'p22'),
('b71', '40076610F', 'p22'),
('b72', '23402262S', 'p22'),
('b73', '88319449R', 'p22'),
('b74', '11118461P', 'p23'),
('b75', '57070705T', 'p23'),
('b76', '67977252Q', 'p23'),
('b77', '79280116J', 'p23'),
('b78', '46250042D', 'p23');

-- 
-- Restore previous SQL mode
-- 
/*!40101 SET SQL_MODE=@OLD_SQL_MODE */;

-- 
-- Enable foreign keys
-- 
/*!40014 SET FOREIGN_KEY_CHECKS = @OLD_FOREIGN_KEY_CHECKS */;